,summary key,roberta,llama
0,1344253,805,777
1,1486573,1418,1428
2,5991505,864,868
3,605676,1385,1358
4,28327,1457,1467
5,1252914,991,996
6,54166,965,968
7,81503,910,913
8,253828,1361,1344
9,10193,1181,1176
10,91133,1048,1044
11,5313,934,956
12,525270,867,853
13,45772,685,691
14,152328,776,775
15,13734892,754,743
16,4440277,854,871
17,2080169,1519,1516
18,5095233,853,853
19,8067478,974,973
20,1126401,772,764
21,3463364,812,787
22,442300,1056,1067
23,75270,410,405
24,2912982,1311,1312
25,284697,760,763
26,3746,913,895
27,279813,785,777
28,1122030,634,627
29,23535297,801,799
30,670226,857,856
31,3394852,159,159
32,14291637,503,508
33,1204925,376,377
34,689969,1158,1169
35,18640305,1290,1281
36,7887331,1134,1110
37,24870348,648,647
38,2158983,862,869
39,574768,384,373
40,4231,627,628
41,19221106,729,723
42,1232511,644,641
43,2073069,408,400
44,3748765,623,622
45,14482638,795,789
46,1882947,405,401
47,3703666,998,999
48,24480838,867,871
49,200694,940,941
50,1283050,1012,1012
51,60293,744,720
52,598397,832,837
53,5838045,1072,1074
54,312757,658,641
55,932424,1590,1591
56,3226774,1305,1315
57,930379,794,778
58,30000,662,663
59,55447,892,905
60,1533664,927,923
61,7369863,1240,1240
62,23270459,1309,1334
63,323715,1749,1762
64,24195690,911,897
65,57820,722,741
66,999394,846,855
67,2157292,918,930
68,2809621,1182,1189
69,5676692,959,945
70,12673434,796,788
71,1339563,1162,1183
72,188902,1242,1251
73,3201442,522,524
74,615418,805,797
75,690042,949,942
76,1137578,481,473
77,76018,775,775
78,1485962,909,912
79,770144,1215,1201
80,76366,1011,1015
81,3947,1140,1133
82,885876,963,962
83,215873,826,829
84,619728,1058,1061
85,483745,984,981
86,239009,865,837
87,972958,1083,1082
88,30007,848,867
89,963986,974,975
90,445066,785,800
91,999394,846,855
92,1689394,1803,1807
93,583932,1034,1044
94,213472,934,946
95,68092,1107,1098
96,1519783,1134,1133
97,1129847,1062,1082
98,76018,775,775
99,243064,564,561
100,4867859,798,808
101,60164,779,779
102,8737659,872,888
103,2406759,1123,1117
104,11942501,844,852
105,13734892,754,743
106,312757,658,641
107,11244593,799,795
108,18949667,1048,1050
109,961437,1220,1224
110,1152416,592,592
111,277713,451,452
112,893808,1023,1022
113,253828,1361,1344
114,23255,1286,1294
115,525113,944,948
116,28269,1094,1089
117,25506,998,1000
118,3654363,433,433
119,3823100,922,927
120,133688,1231,1236
121,3175656,927,911
122,308898,861,853
123,25491,696,689
124,594295,707,711
125,142457,583,573
126,267848,1052,1050
127,924767,662,664
128,695780,909,910
129,64394,1012,1020
130,543162,529,524
131,2423428,1510,1516
132,142481,1116,1118
133,301314,739,745
134,23767889,1093,1096
135,1673949,819,818
136,1094719,831,834
137,1670736,401,406
138,21843425,876,852
139,77223,972,968
140,189088,1315,1322
141,101954,1195,1203
142,535335,914,916
143,20450767,922,922
144,25854460,830,833
145,4138142,1098,1064
146,15398161,606,603
147,594240,769,766
148,30006,869,864
149,234537,845,841
150,29943,437,441
151,88326,1074,1071
152,129493,946,949
153,5215066,698,690
154,171623,1199,1211
155,5549932,1168,1200
156,1349086,820,827
157,63504,825,839
158,11288620,635,631
159,10133217,1229,1220
160,1238102,1152,1153
161,105872,862,857
162,1120730,1114,1110
163,28485791,830,830
164,28370864,1612,1617
165,477099,931,915
166,2864621,986,991
167,5752544,922,922
168,42993,906,934
169,737803,797,796
170,481293,582,582
171,21918632,731,728
172,11701,864,867
173,706803,743,740
174,560511,743,745
175,1596524,780,786
176,23913058,1551,1547
177,3339200,1390,1392
178,2486990,1608,1606
179,880056,976,974
180,17916735,772,773
181,911882,855,854
182,201553,1571,1568
183,201553,1571,1568
184,284619,580,579
185,25491,696,689
186,1883157,745,742
187,18952889,1856,1851
188,3837,846,838
189,31153,963,956
190,171522,785,784
191,348292,959,972
192,91133,1048,1044
193,53964,1035,1042
194,173941,1104,1114
195,198313,1249,1225
196,1749093,821,831
197,11659396,1037,1044
198,1179306,228,227
199,1784731,1238,1205
200,620034,749,760
201,230481,606,610
202,5318353,834,846
203,2571385,902,901
204,3616797,853,857
205,194249,1590,1587
206,5292154,972,967
207,5866831,1089,1100
208,2398332,489,488
209,31153,963,956
210,3837,846,838
211,380517,940,944
212,905971,935,911
213,284676,765,760
214,53085,837,823
215,4270540,1246,1247
216,445066,785,800
217,43307,2620,2600
218,3466023,376,369
219,3616797,853,857
220,370858,928,921
221,18951054,954,949
222,8994,894,900
223,4138142,1098,1064
224,142465,879,885
225,1236122,1966,1972
226,14725310,2049,2060
227,1317604,619,625
228,3071743,1105,1129
229,703807,910,911
230,23887068,1242,1246
231,145892,1216,1224
232,3028191,1185,1185
233,113549,767,763
234,23487440,918,922
235,30327,547,545
236,20179415,1143,1146
237,13053911,532,533
238,244610,1581,1533
239,244610,1581,1533
240,2017208,799,797
241,50793,1013,999
242,2634920,670,674
243,4276475,838,840
244,239009,865,837
245,2609169,643,645
246,43566,982,1007
247,316092,609,609
248,5095233,853,853
249,3793631,689,698
250,1962219,919,892
251,349941,910,907
252,4155050,1063,1066
253,438417,1015,1015
254,1157158,781,772
255,23322195,785,786
256,1934018,1113,1111
257,17016725,690,692
258,11659396,1037,1044
259,101935,998,1004
260,217982,963,963
261,4593958,1088,1075
262,1645598,1138,1135
263,1863523,1256,1242
264,1918678,579,576
265,75266,953,939
266,68092,1107,1098
267,76018,775,775
268,4138142,1098,1064
269,2969247,903,909
270,255898,850,867
271,21835208,521,517
272,29075630,852,857
273,7261333,973,970
274,5733558,1157,1131
275,105972,1223,1224
276,1159860,816,810
277,805097,1078,1068
278,3409175,605,591
279,471352,478,490
280,6446995,1557,1553
281,4235653,1031,1027
282,1289336,179,182
283,517376,1184,1183
284,963986,974,975
285,6559383,193,193
286,9395068,1166,1153
287,826409,759,756
288,1519350,656,660
289,133462,884,879
290,302970,845,835
291,42993,906,934
292,13901,1088,1071
293,1253851,730,730
294,475977,1001,1007
295,22526086,1190,1187
296,142049,1128,1090
297,13237979,879,887
298,564986,1030,1026
299,3447166,1233,1230
300,16368206,906,911
301,14280823,574,571
302,8172248,860,856
303,22726015,1059,1067
304,160047,358,358
305,52549,769,787
306,61481,637,644
307,57585,407,405
308,3406838,851,848
309,23270459,1309,1334
310,4138142,1098,1064
311,6917005,1374,1375
312,19479460,926,940
313,50793,1013,999
314,50793,1013,999
315,53964,1035,1042
316,31153,963,956
317,701781,231,230
318,198313,1249,1225
319,318542,483,487
320,318542,483,487
321,174251,1070,1075
322,471544,749,749
323,3044228,1022,1012
324,23614710,713,735
325,4846576,945,940
326,999394,846,855
327,509676,477,483
328,27754718,1850,1859
329,236122,651,645
330,2688769,1543,1549
331,26971354,897,898
332,267848,1052,1050
333,173650,653,649
334,312757,658,641
335,22547607,876,863
336,699208,1075,1077
337,34130,834,832
338,504242,1075,1064
339,3463364,812,787
340,4006786,767,757
341,9391085,1070,1057
342,41881,1028,1013
343,76368,1389,1402
344,142430,719,723
345,342741,754,740
346,297111,724,710
347,6446071,927,912
348,3920193,901,901
349,1958425,638,633
350,113460,853,858
351,1364770,686,686
352,54166,965,968
353,787704,693,693
354,798584,902,904
355,707808,1104,1087
356,43566,982,1007
357,76351,796,800
358,28370997,1000,966
359,284676,765,760
360,50957,980,1002
361,690105,467,466
362,133574,866,866
363,133574,866,866
364,99031,762,760
365,99031,762,760
366,675213,1015,1028
367,213149,855,852
368,27098,711,720
369,442300,1056,1067
370,2750041,740,727
371,1024501,727,734
372,17917662,948,948
373,5138153,908,913
374,1689394,1803,1807
375,414180,766,764
376,350847,566,562
377,281069,449,446
378,62592,409,404
379,4446490,415,407
380,286893,766,762
381,236651,778,761
382,4295195,933,927
383,598397,832,837
384,3412648,883,879
385,560511,743,745
386,805097,1078,1068
387,19920152,359,367
388,98991,888,894
389,23808966,894,897
390,23808966,894,897
391,453236,981,975
392,13947064,798,802
393,873469,887,888
394,873469,887,888
395,9264341,861,852
396,9264341,861,852
397,9264341,861,852
398,24083267,698,709
399,24083267,698,709
400,12925911,834,838
401,2465797,1081,1098
402,431014,936,946
403,1863169,1648,1641
404,740744,932,938
405,707808,1104,1087
406,707808,1104,1087
407,707808,1104,1087
408,142430,719,723
409,54173,1503,1497
410,2811955,956,961
411,2811955,956,961
412,1596589,733,729
413,3779953,825,825
414,2198940,533,533
415,18951054,954,949
416,2581392,1168,1153
417,680398,1057,1044
418,301798,974,974
419,3876620,795,801
420,74018,324,318
421,406339,1359,1362
422,234537,845,841
423,724258,1093,1092
424,196176,955,952
425,171026,1082,1081
426,30273553,834,822
427,53964,1035,1042
428,1009041,655,660
429,11312191,1222,1228
430,2406870,1244,1242
431,444267,980,949
432,871056,1338,1289
433,228274,853,863
434,2912982,1311,1312
435,9513043,892,892
436,18951054,954,949
437,5313,934,956
438,20996974,830,839
439,43452,1092,1083
440,6002183,665,670
441,31556,996,1010
442,525113,944,948
443,81100,1631,1629
444,4138142,1098,1064
445,675213,1015,1028
446,2087781,480,474
